First Name,Last Name,Name,Company,Address 1,Address 2,City,State,Zip/Postal Code,Country,Brochure Code(s),Phone,Extension,Fax,Email,Comments,Interests
,,--None--,,,,,MS,,,V,,,,, ,"General Information, Christmas On The River"
,,--None--,,,,,MD,,,V,,,,, ,Passing Through Only
,,--None--,,,,,LA,,,V,,,,, ,General Information
,,--None--,,,,,DC,,,V,,,,, ,General Information
,,--None--,,,,,TN,,,V,,,,deborahhollis10@hotmail.com, ,General Information
,,--None--,,,,,FL,,,V,,,,agbb@jetup.net, ,General Information
,,--None--,,,,,MN,,,V,,,,, ,
,,--None--,,,,,MD,,,V,,,,, ,General Information
,,--None--,,,,,TN,,,V,,,,, ,General Information
,,--None--,,,,,TX,,,V,,,,, ,General Information
,,--None--,,,,,TX,,,V,,,,, ,General Information
,,--None--,,,,,MO,,,V,,,,, ,General Information
,,--None--,,,,,AR,,,V,,,,, ,General Information
,,--None--,,,,,AR,,,V,,,,Leslie.blissett@arkansas.gov, ,
,,--None--,,,,,AR,,,"DD, V",,,,, Divine Diva's of Arkansas City,"Duck Dynasty, General Information"
,,--None--,,,,,AL,,,"DD, M, V",,,,, ,"Duck Dynasty, General Information"
,,--None--,,,,,MO,,,"V, LVG",,,,, ,General Information
,,--None--,,,,,LA,,,V,,,,, ,General Information
,,--None--,,,,,WA,,,V,,,,, ,General Information
,,--None--,,,,,AR,,,V,,,,, ,General Information
,,--None--,,,,,PA,,,V,,,,, ,General Information
,,--None--,,,,,MN,,,V,,,,, ,General Information
,,--None--,,,,,MS,,,V,,,,, ,General Information
,,--None--,,,,,TX,,,V,,,,, ,General Information
,,--None--,,,,,MO,,,V,,,,, ,General Information
,,--None--,,,,,WI,,,V,,,,, ,General Information
,,--None--,,,,,MI,,,V,,,,, ,"General Information, Passing Through Only"
,,--None--,,,,,MI,,,V,,,,, ,"Duck Dynasty, Passing Through Only"
,,--None--,,,,,MN,,,V,,,,, BMX competition,Event - see notes
,,--None--,,,,,VA,,,V,,,,, ,General Information
,,--None--,,,,,MD,,,"DD, V",,,,, ,"Duck Dynasty, General Information"
,,--None--,,,,,VA,,,V,,,,, going to LSU,"General Information, Passing Through Only"
,,--None--,,,,,VA,,,V,,,,, ,Passing Through Only
,,--None--,,,,,IA,,,"DD, V",,,,, ,"Duck Dynasty, General Information, Passing Through Only"
,,--None--,,,,,AR,,,V,,,,, ,
,,--None--,,,,,AL,,,V,,,,, ,General Information
,,--None--,,,,,AL,,,V,,,,, ,"Duck Dynasty, General Information"
,,--None--,,,,,GA,,,V,,,,, ,General Information
,,--None--,,,,,OK,,,V,,,,, ,General Information
,,--None--,,,,,FL,,,V,,,,, ,General Information
,,--None--,,,,,KY,,,"DD, V",,,,, ,"Duck Dynasty, General Information"
,,--None--,,,,,KS,,,V,,,,, ,"General Information, Passing Through Only"
,,--None--,,,,,FL,,,V,,,,, ,"General Information, Passing Through Only"
,,--None--,,,,,PA,,,"DD, V",,,,, ,General Information
,,--None--,,,,,WI,,,V,,,,, ,General Information
,,--None--,,,,,AR,,,V,,,,, ,General Information
,,--None--,,,,,VA,,,V,,,,, ,General Information
,,--None--,,,,,LA,,,V,,,,, ,General Information
,,--None--,,,,,TX,,,V,,,,, ,General Information
,,--None--,,,,,MS,,,V,,,,, ,General Information
,,--None--,,,,,TX,,,V,,,,, ,General Information
,,--None--,,,,,AL,,,V,,,,, ,General Information
,,--None--,,,,,MO,,,"DD, V",,,,, anniversary trip for wife,Duck Dynasty
,,--None--,,,,,NC,,,V,,,,, ,General Information
,,--None--,,,,,OK,,,V,,,,, ,Passing Through Only
,,--None--,,,,,IL,,,DD,,,,, ,"Duck Dynasty, General Information"
,,--None--,,,,,LA,,,V,,,,, ,General Information
,,--None--,,,,,AR,,,V,,,,, ,General Information
,,--None--,,,,,IL,,,V,,,,, ,General Information
,,--None--,,,,,CA,,,V,,,,, ,"General Information, Relocation"
,,--None--,,,,,IA,,,V,,,,, ,General Information
,,--None--,,,,,FL,,,V,,,,, ,General Information
,,--None--,,,,,ME,,,V,,,,, ,General Information
,,--None--,,,,,NC,,,V,,,,, business,
,,--None--,,,,,WA,,,V,,,,, ,"General Information, Passing Through Only"
,,--None--,,,,,AR,,,"DD, V",,,,, ,General Information
,,--None--,,,,,CA,,,V,,,,, ,General Information
,,--None--,,,,,PA,,,"REL, V",,,,, ,Relocation
,,--None--,,,,,CA,,,V,,,,, ,General Information
,,--None--,,,,,MO,,,V,,,,, ,"Duck Dynasty, General Information"
,,--None--,,,,,AL,,,"DD, V",,,,, ,"Duck Dynasty, General Information"
,,--None--,,,,,VA,,,V,,,,, Make a Wish,General Information
,,--None--,,,,,AL,,,V,,,,, ,General Information
,,--None--,,,,,AL,,,V,,,,, ,General Information
,,--None--,,,,,RI,,,V,,,,, ,"General Information, Passing Through Only"
,,--None--,,,,,IN,,,V,,,,, ,General Information
,,--None--,,,,,FL,,,V,,,,, ,General Information
,,--None--,,,,,MS,,,V,,,,, ,"Family Activities, General Information"
,,--None--,,,,,OH,,,"DD, V",,,,, ,"Duck Dynasty, General Information"
,,--None--,,,,,AR,,,"DD, V",,,,, ,"Duck Dynasty, General Information"
,,--None--,,,,,IN,,,V,,,,, ,General Information
,,--None--,,,,,FL,,,V,,,,, ,"General Information, Passing Through Only"
,,--None--,,,,,MS,,,V,,,,, ,General Information
,,--None--,,,,,TX,,,V,,,,, wedding,Event - see notes
,,--None--,,,,,AR,,,V,,,,, ,General Information
,,--None--,,,,,AR,,,V,,,,, ,General Information
,,--None--,,,,,OH,,,V,,,,, ,General Information
,,--None--,,,,,AR,,,"DD, V",,,,, ,Duck Dynasty
,,--None--,,,,,TX,,,V,,,,, ,General Information
,,--None--,,,,,IA,,,V,,,,, ,General Information
,,--None--,,,,,TN,,,V,,,,, ,General Information
,,--None--,,,,,IA,,,V,,,,, ,"General Information, Passing Through Only"
,,--None--,,,,,LA,,,V,,,,, ,General Information
,,--None--,,,,,MS,,,V,,,,, ,General Information
,,--None--,,,,,WV,,,DD,,,,, ,General Information
,,--None--,,,,,CT,,,V,,,,, ,General Information
,,--None--,,,,,ON,,,V,,,,, ,General Information
,,--None--,,,,,OK,,,V,,,,, ,General Information
,,--None--,,,,,AL,,,V,,,,, ,General Information
,,--None--,,,,,TX,,,V,,,,, ,General Information
,,--None--,,,,,TX,,,V,,,,, ,General Information
,,--None--,,,,,TX,,,V,,,,, ,General Information
,,--None--,,,,,OR,,,V,,,,, ,General Information
,,--None--,,,,,KS,,,V,,,,, ,General Information
,,--None--,,,,,TN,,,V,,,,, ,General Information
,,--None--,,,,,KS,,,V,,,,, ,General Information
,,--None--,,,,,OK,,,V,,,,, ,General Information
,,--None--,,,,,MO,,,V,,,,, ,General Information
,,--None--,,,,,MO,,,V,,,,, ,General Information
,,--None--,,,,,AR,,,V,,,,, ,General Information
,,--None--,,,,,WI,,,V,,,,, ,"General Information, Passing Through Only"
,,--None--,,,,,ON,,,V,,,,, ,General Information
,,--None--,,,,,IL,,,V,,,,, ,General Information
,,--None--,,,,,GA,,,V,,,,, ,General Information
,,--None--,,,,,HI,,,V,,,,, ,General Information
,,--None--,,,,,FL,,,V,,,,, ,General Information
,,--None--,,,,,TN,,,V,,,,, ,General Information
,,--None--,,,,,ND,,,V,,,,, ,General Information
,,--None--,,,,,KS,,,V,,,,, ,General Information
,,--None--,,,,,OH,,,V,,,,, ,General Information
,,--None--,,,,,LA,,,V,,,,, ,General Information
,,--None--,,,,,GA,,,V,,,,, ,General Information
,,--None--,,,,,NM,,,V,,,,, wedding,General Information
,,--None--,,,,,TX,,,V,,,,, ,General Information
,,--None--,,,,,TX,,,V,,,,, ,General Information
,,--None--,,,,,FL,,,V,,,,, ,General Information
,,--None--,,,,,MS,,,V,,,,, ,General Information
,,--None--,,,,,FL,,,V,,,,, ,General Information
,,--None--,,,,,AR,,,V,,,,, ,General Information
,,--None--,,,,,MS,,,V,,,,, ,General Information
,,--None--,,,,,MO,,,V,,,,, ,General Information
,,--None--,,,,,PA,,,V,,,,, ,General Information
,,--None--,,,,,IN,,,V,,,,, ,General Information
,,--None--,,,,,IL,,,V,,,,, ,General Information
,,--None--,,,,,KS,,,V,,,,, ,General Information
,,--None--,,,,,WI,,,V,,,,, ,General Information
,,--None--,,,,,TN,,,V,,,,, ,General Information
,,--None--,,,,,TN,,,V,,,,, ,General Information
,,--None--,,,,,OK,,,V,,,,, ,General Information
,,--None--,,,,,AL,,,"REL, V",,,,, ,Relocation
,,--None--,,,,,OK,,,V,,,,, ,General Information
,,--None--,,,,,WI,,,"DD, V",,,,, ,"Duck Dynasty, General Information"
,,--None--,,,,,OK,,,"DD, V",,,,, ,General Information
,,--None--,,,,,AR,,,V,,,,, ,
,,--None--,,,,,IA,,,V,,,,, ,General Information
,,--None--,,,,,WI,,,V,,,,, ,General Information
,,--None--,,,,,OH,,,V,,,,, ,General Information
,,--None--,,,,,AL,,,V,,,,, ,General Information
,,--None--,,,,,CA,,,"DD, V",,,,, ,"Duck Dynasty, General Information"
,,--None--,,,,,AL,,,"DD, V",,,,, ,General Information
,,--None--,,,,,OK,,,"DD, V",,,,, ,General Information
,,--None--,,,,,TX,,,V,,,,, ,General Information
,,--None--,,,,,TX,,,V,,,,, ,General Information
,,--None--,,,,,FL,,,V,,,,, ,General Information
,,--None--,,,,,MS,,,V,,,,, ,General Information
,,--None--,,,,,MI,,,V,,,,, ,General Information
,,--None--,,,,,LA,,,V,,,,, ,General Information
,,--None--,,,,,WI,,,V,,,,, ,General Information
,,--None--,,,,,NC,,,V,,,,afarthin2000@yahoo.com, ,General Information
,,--None--,,,,,AR,,,"DD, V",,,,, ,General Information
,,--None--,,,,,OK,,,"DD, V",,,,, ,General Information
,,--None--,,,,,PA,,,V,,,,, ,Passing Through Only
,,--None--,,,,,KY,,,V,,,,, ,General Information
,,--None--,,,,,GA,,,V,,,,, ,General Information
,,--None--,,,,,IN,,,V,,,,, ,"General Information, Passing Through Only"
,,--None--,,,,,IL,,,V,,,,, ,General Information
,,--None--,,,,,IA,,,V,,,,, ,General Information
,,--None--,,,,,CA,,,V,,,,, ,General Information
,,--None--,,,,,AZ,,,V,,,,, ,General Information
,,--None--,,,,,MI,,,"DD, V",,,,stephenboats60@yahoo.com, ,"Duck Dynasty, General Information"
,,--None--,,,,,MS,,,V,,,,, ,"Duck Dynasty, General Information"
,,--None--,,,,,FL,,,V,,,,larryteeters12@yahoo.com, ,General Information
,,--None--,,,,,AZ,,,V,,,,, ,General Information
,,--None--,,,,,TX,,,V,,,,, ,"General Information, Passing Through Only"
,,--None--,,,,,MO,,,V,,,,, ,Passing Through Only
,,--None--,,,,,TX,,,V,,,,, ,Passing Through Only
,,--None--,,,,,IL,,,V,,,,bdoz1957@gmail.com, ,General Information
,,--None--,,,,,OH,,,"DD, V",,,,, duck commander 4th of july event,"Duck Dynasty, Event - see notes, General Information"
,,--None--,,,,,FL,,,"DD, V",,,,sharon.swonger@yahoo.com, ,"Duck Dynasty, General Information"
,,--None--,,,,,OK,,,V,,,,, ,Passing Through Only
,,--None--,,,,,AZ,,,V,,,,, ,General Information
,,--None--,,,,,MS,,,V,,,,, ,Passing Through Only
,,--None--,,,,,OK,,,V,,,,, ,
,,--None--,,,,,AR,,,V,,,,, ,General Information
,,--None--,,,,,LA,,,V,,,,kristi.thibodeaux@yahoo.com, ,General Information
,,--None--,,,,,CA,,,V,,,,, rv campground,General Information
,,--None--,,,,,FL,,,V,,,,, ,General Information
,,--None--,,,,,TN,,,V,,,,, ,General Information
,,--None--,,,,,TN,,,V,,,,, ,Passing Through Only
,,--None--,,,,,PA,,,V,,,,, ,"General Information, Passing Through Only"
,,--None--,,,,,MS,,,V,,,,, ,
,,--None--,,,,,SC,,,V,,,,, ,Passing Through Only
,,--None--,,,,,OK,,,V,,,,, ,Passing Through Only
,,--None--,,,,,CA,,,V,,,,, ,"General Information, Passing Through Only"
,,--None--,,,,,MA,,,V,,,,, ,General Information
,,--None--,,,,,MS,,,V,,,,, ,"General Information, Passing Through Only"
,,--None--,,,,,MS,,,V,,,,, ,"General Information, Map"
,,--None--,,,,,MO,,,V,,,,, ,General Information
,,--None--,,,,,AL,,,V,,,,, ,General Information
,,--None--,,,,,FL,,,V,,,,, ,General Information
,,--None--,,,,,FL,,,V,,,,, ,General Information
,,--None--,,,,,WA,,,"V, LVG",,,,, ,"General Information, Map"
,,--None--,,,,,TN,,,"DD, V",,,,, ,"Duck Dynasty, General Information"
,,--None--,,,,,TX,,,V,,,,, ,General Information
,,--None--,,,,,TX,,,V,,,,, ,General Information
,,--None--,,,,,TX,,,V,,,,, ,General Information
,,--None--,,,,,MS,,,V,,,,, ,General Information
,,--None--,,,,,MS,,,"DD, V",,,,, ,General Information
,,--None--,,,,,LA,,,V,,,,, ,General Information
,,--None--,,,,,OK,,,V,,,,, ,Passing Through Only
,,--None--,,,,,TN,,,V,,,,, ,General Information
,,--None--,,,,,OK,,,"DD, V",,,,, ,"Duck Dynasty, General Information"
,,--None--,,,,,MD,,,V,,,,, ,General Information
,,--None--,,,,,LA,,,V,,,,, ,General Information
,,--None--,,,,,OK,,,V,,,,, ,"General Information, Passing Through Only"
,,--None--,,,,,OK,,,V,,,,, ,General Information
,,--None--,,,,,MO,,,"DD, V",,,,, ,"Duck Dynasty, General Information"
,,--None--,,,,,LA,,,V,,,,, ,General Information
,,--None--,,,,,LA,,,V,,,,, ,Map
,,--None--,,,,,KS,,,V,,,,, ,General Information
,,--None--,,,,,AL,,,V,,,,, ,Passing Through Only
,,--None--,,,,,AL,,,V,,,,, ,Passing Through Only
,,--None--,,,,,AL,,,V,,,,, ,General Information
,,--None--,,,,,CA,,,V,,,,, ,General Information
,,--None--,,,,,VA,,,V,,,,, ,General Information
,,--None--,,,,,OK,,,"DD, V",,,,, ,"Duck Dynasty, General Information"
,,--None--,,,,,OK,,,"DD, V",,,,, ,General Information
,,--None--,,,,,AL,,,V,,,,, ,General Information
,,--None--,,,,,IL,,,"V, LVG",,,,, ,General Information
,,--None--,,,,,FL,,,V,,,,, ,"General Information, Passing Through Only"
,,--None--,,,,,CO,,,V,,,,, ,"General Information, Passing Through Only"
,,--None--,,,,,MI,,,V,,,,, ,General Information
,,--None--,,,,,MO,,,V,,,,, ,General Information
,,--None--,,,,,NC,,,V,,,,, ,Passing Through Only
,,--None--,,,,,MO,,,V,,,,, ,Passing Through Only
,,--None--,,,,,AL,,,"DD, V",,,,, ,General Information
,,--None--,,,,,OH,,,V,,,,, ,General Information
,,--None--,,,,,AR,,,V,,,,, ,"General Information, Passing Through Only"
,,--None--,,,,,MO,,,V,,,,, ,General Information
,,--None--,,,,,OH,,,V,,,,, ,"General Information, Passing Through Only"
,,--None--,,,,,OK,,,"DD, V",,,,, ,"General Information, Passing Through Only"
,,--None--,,,,,WA,,,"V, LVG",,,,, ,General Information
,,--None--,,,,,LA,,,V,,,,, ,General Information
,,--None--,,,,,MI,,,"V, LVG",,,,, ,General Information
,,--None--,,,,,IL,,,V,,,,, ,General Information
,,--None--,,,,,AL,,,V,,,,, ,General Information
,,--None--,,,,,PA,,,V,,,,, ,General Information
,,--None--,,,,,MN,,,V,,,,, ,"Duck Dynasty, General Information"
,,--None--,,,,,NC,,,V,,,,, ,General Information
,,--None--,,,,,AL,,,"DD, V",,,,, ,"Duck Dynasty, General Information"
,,--None--,,,,,TN,,,"DD, V",,,,, ,"Duck Dynasty, Passing Through Only"
,,--None--,,,,,MO,,,V,,,,, ,General Information
,,--None--,,,,,MI,,,"M, V",,,,, lake bistineau state park,"General Information, Parks and Recreation - see notes"
,,--None--,,,,,WI,,,V,,,,, geocaching tour of southern states,Parks and Recreation - see notes
,,--None--,,,,,AL,,,"DD, V",,,,, ,Duck Dynasty
,,--None--,,,,,AL,,,V,,,,, ,"Duck Dynasty, General Information"
,,--None--,,,,,OK,,,V,,,,, ,General Information
,,--None--,,,,,GA,,,"DD, V",,,,, ,"Duck Dynasty, General Information"
,,--None--,,,,,OK,,,V,,,,, ,Passing Through Only
,,--None--,,,,,FL,,,V,,,,, ,"General Information, Passing Through Only"
,,--None--,,,,,AL,,,V,,,,, ,"Duck Dynasty, General Information"
,,--None--,,,,,AL,,,LVG,,,,, ,General Information
,,--None--,,,,,AR,,,DD,,,,, ,General Information
,,--None--,,,,,AR,,,DD,,,,, ,General Information
,,--None--,,,,,MD,,,DD,,,,, ,General Information
,,--None--,,,,,GA,,,DD,,,,, ,General Information
,,--None--,,,,,GA,,,DD,,,,, ,General Information
,,--None--,,,,,TX,,,DD,,,,, ,"General Information, Passing Through Only"
,,--None--,,,,,NY,,,V,,,,, ,General Information
,,--None--,,,,,MO,,,V,,,,, ,General Information
,,--None--,,,,,OK,,,V,,,,, ,General Information
,,--None--,,,,,SD,,,V,,,,, ,General Information
,,--None--,,,,,MS,,,V,,,,, ,General Information
,,--None--,,,,,GA,,,V,,,,, ,General Information
,,--None--,,,,,PA,,,V,,,,, ,General Information
,,--None--,,,,,TX,,,V,,,,, ,General Information
,,--None--,,,,,NY,,,V,,,,, ,General Information
,,--None--,,,,,LA,,,V,,,,, ,General Information
,,--None--,,,,,LA,,,V,,,,, ,General Information
,,--None--,,,,,AR,,,V,,,,, ,General Information
,,--None--,,,,,LA,,,V,,,,, ,General Information
,,--None--,,,,,OH,,,V,,,,, ,General Information
,,--None--,,,,,WI,,,V,,,,, ,General Information
,,--None--,,,,,TX,,,V,,,,, ,General Information
,,--None--,,,,,TX,,,V,,,,danaervinmarshall@gmail.com, ,"General Information, Passing Through Only"
,,--None--,,,,,MO,,,V,,,,, ,"General Information, Passing Through Only"
,,--None--,,,,,SC,,,V,,,,, ,"General Information, Passing Through Only"
,,--None--,,,,,KY,,,V,,,,, ,General Information
,,--None--,,,,,FL,,,V,,,,, ,"General Information, Passing Through Only"
,,--None--,,,,,IN,,,V,,,,, ,General Information
,,--None--,,,,,KY,,,V,,,,, ,General Information
,,--None--,,,,,TX,,,V,,,,, ,General Information
,,--None--,,,,,LA,,,V,,,,, ,General Information
,,--None--,,,,,OR,,,V,,,,, ,Passing Through Only
,,--None--,,,,,MS,,,V,,,,, ,Passing Through Only
,,--None--,,,,,MS,,,V,,,,, ,General Information
,,--None--,,,,,MS,,,V,,,,, ,Passing Through Only
,,--None--,,,,,OH,,,V,,,,, ,General Information
,,--None--,,,,,IN,,,REL,,,,, ,Relocation
,,--None--,,,,,MO,,,V,,,,, ,General Information
,,--None--,,,,,OH,,,V,,,,, ,General Information
,,--None--,,,,,AR,,,V,,,,, ,General Information
,,--None--,,,,,PA,,,V,,,,, ,"Duck Dynasty, General Information"
,,--None--,,,,,MO,,,V,,,,, ,General Information
,,--None--,,,,,MN,,,V,,,,, ,General Information
,,--None--,,,,,CO,,,V,,,,, ,General Information
,,--None--,,,,,OH,,,V,,,,, ,Duck Dynasty
,,--None--,,,,,SC,,,V,,,,, ,Passing Through Only
,,--None--,,,,,MS,,,V,,,,, ,General Information
,,--None--,,,,,FL,,,V,,,,, ,"General Information, Passing Through Only"
,,--None--,,,,,AL,,,V,,,,, ,
,,--None--,,,,,AL,,,V,,,,, ,General Information
,,--None--,,,,,CA,,,V,,,,, ,General Information
,,--None--,,,,,GA,,,V,,,,, ,"General Information, Passing Through Only"
,,--None--,,,,,,,AUSTRALIA,V,,,,, ,General Information
,,--None--,,,,,,,AUSTRALIA,V,,,,, ,"General Information, Map"
,,--None--,,,,,,,AUSTRALIA,V,,,,, ,General Information
,,--None--,,,,,,,BRAZIL,V,,,,, ,General Information
,,--None--,,,,,,,CANADA,"V, LVG",,,,, ,General Information
,,--None--,,,,,,,CANADA,V,,,,, ,General Information
,,--None--,,,,,,,NETHERLANDS,"V, LVG",,,,, visiting son,General Information
,,--None--,,,,,,,SCOTLAND,DD,,,,, ,"General Information, Passing Through Only"
,,--None--,,,,,,,SINGAPORE,"V, LVG",,,,, ,General Information
,,--None--,,,,,NY,,UNITED STATES,V,,,,, saw billboard,General Information
,,--None--,,,,,OH,,UNITED STATES,V,,,,, saw billboard,General Information
,,--None--,,,,,LA,,UNITED STATES,V,,,,, ,"General Information, Map"
,,--None--,,,,,FL,,UNITED STATES,V,,,,oneapplelady@cox.net, ,General Information
,,--None--,,,,,IL,,UNITED STATES,V,,,,, info on New Orleans,"General Information, Other - see notes"
,,--None--,,,,,NC,,UNITED STATES,V,,,,, ,"General Information, Passing Through Only"
,,--None--,,,,,SC,,UNITED STATES,V,,,,, ,"General Information, Passing Through Only"
,,--None--,,,,,UT,,UNITED STATES,V,,,,, ,Passing Through Only
,,--None--,,,,,TX,,UNITED STATES,V,,,,, ,General Information
,,--None--,,,,,CA,,UNITED STATES,V,,,,, ,General Information
,,--None--,,,,,FL,,UNITED STATES,V,,,,, ,General Information
,,--None--,,,,,IN,,UNITED STATES,V,,,,, ,General Information
,,--None--,,,,,LA,,UNITED STATES,V,,,,, stayed at Hamilton House B&B,Christmas On The River
,,--None--,,,,,TN,,UNITED STATES,"DD, V",,,,, ,"Duck Dynasty, General Information"
,,--None--,,,,,OK,,UNITED STATES,V,,,,, ,General Information
,,--None--,,,,,IL,,UNITED STATES,V,,,,, ,General Information
,,--None--,,,,,MS,,UNITED STATES,V,,,,, ,General Information
,,--None--,,,,,OH,,UNITED STATES,V,,,,, ,General Information
,,--None--,,,,,WI,,UNITED STATES,V,,,,, ,General Information
,,--None--,,,,,TX,,UNITED STATES,V,,,,, ,General Information
,,--None--,,,,,NM,,UNITED STATES,V,,,,, ,General Information
,,--None--,,,,,FL,,UNITED STATES,V,,,,, ,General Information
,,--None--,,,,,FL,,UNITED STATES,V,,,,, ,General Information
,,--None--,,,,,TN,,UNITED STATES,V,,,,, ,General Information
,,--None--,,,,,TN,,UNITED STATES,V,,,,, ,General Information
,,--None--,,,,,OK,,UNITED STATES,V,,,,, ,General Information
,,--None--,,,,,AR,,UNITED STATES,V,,,,, ,General Information
,,--None--,,,,,AR,,UNITED STATES,V,,,,, ,General Information
,,--None--,,,,,NC,,UNITED STATES,V,,,,, ,General Information
,,--None--,,,,,IA,,UNITED STATES,V,,,,, ,General Information
,,--None--,,,,,IN,,UNITED STATES,DD,,,,, ,General Information
,,--None--,,,,,AR,,UNITED STATES,V,,,,, ,General Information
,,--None--,,,,,AR,,UNITED STATES,V,,,,, ,General Information
,,--None--,,,,,FL,,UNITED STATES,V,,,,, ,General Information
,,--None--,,,,,FL,,UNITED STATES,DD,,,,, ,General Information
,,--None--,,,,,UT,,UNITED STATES,V,,,,, ,General Information
,,--None--,,,,,MS,,UNITED STATES,V,,,,, ,General Information
,,--None--,,,,,LA,,UNITED STATES,V,,,,, ,General Information
,,--None--,,,,,GA,,UNITED STATES,V,,,,, ,General Information
,,--None--,,,,,AR,,UNITED STATES,V,,,,, ,General Information
,,--None--,,,,,CA,,UNITED STATES,V,,,,, ,General Information
,,--None--,,,,,MS,,UNITED STATES,V,,,,, ,General Information
,,--None--,,,,,LA,,UNITED STATES,V,,,,, ,General Information
,,--None--,,,,,NH,,UNITED STATES,V,,,,, ,General Information
,,--None--,,,,,AL,,UNITED STATES,V,,,,gradakebrown@outlook.com, ,General Information
,,--None--,,,,,OK,,UNITED STATES,V,,,,, ,General Information
,,--None--,,,,,OK,,UNITED STATES,V,,,,ramseyfamily7305@gmail.com, ,General Information
,,--None--,,,,,AR,,UNITED STATES,V,,,,, ,General Information
,,--None--,,,,,LA,,UNITED STATES,V,,,,, ,General Information
,,--None--,,,,,NC,,UNITED STATES,V,,,,, ,General Information
,,--None--,,,,,KY,,UNITED STATES,V,,,,tricilina@yahoo.com, ,General Information
,,--None--,,,,,LA,,UNITED STATES,V,,,,bobby.jones@airgas.com, ,General Information
,,--None--,,,,,AR,,UNITED STATES,V,,,,, ,"General Information, Passing Through Only"
,,--None--,,,,,TN,,UNITED STATES,V,,,,, ,"General Information, Passing Through Only"
,,--None--,,,,,IN,,UNITED STATES,V,,,,crzy4bkslib@gmail.com, ,General Information
,,--None--,,,,,TX,,UNITED STATES,V,,,,, ,"General Information, Passing Through Only"
,,--None--,,,,,MO,,UNITED STATES,V,,,,, ,"General Information, Passing Through Only"
,,--None--,,,,,TX,,UNITED STATES,"DD, V",,,,, ,General Information
,,--None--,,,,,VA,,UNITED STATES,V,,,,, ,"General Information, Passing Through Only"
,,--None--,,,,,VA,,UNITED STATES,V,,,,sandreaevans94@gmail.com, ,"General Information, Passing Through Only"
,,--None--,,,,,TX,,UNITED STATES,V,,,,, ,General Information
,,--None--,,,,,TX,,UNITED STATES,V,,,,, ,General Information
,,--None--,,,,,LA,,UNITED STATES,V,,,,, ,General Information
,,--None--,,,,,TX,,UNITED STATES,V,,,,, ,General Information
,,--None--,,,,,AZ,,UNITED STATES,V,,,,, ,General Information
,,--None--,,,,,NY,,UNITED STATES,V,,,,, ,
,,--None--,,,,,TX,,UNITED STATES,V,,,,, ,General Information
,,--None--,,,,,LA,,UNITED STATES,V,,,,, ,General Information
,,--None--,,,,,TN,,UNITED STATES,V,,,,, ,General Information
,,--None--,,,,,NC,,UNITED STATES,V,,,,gknight@sccoast.net, ,General Information
,,--None--,,,,,AL,,UNITED STATES,V,,,,, ,General Information
,,--None--,,,,,NC,,UNITED STATES,V,,,,, ,
,,--None--,,,,,TX,,UNITED STATES,V,,,,seagerkay1@gmail.com, ,
,,--None--,,,,,TN,,UNITED STATES,V,,,,, ,General Information
,,--None--,,,,,MS,,UNITED STATES,V,,,,csmith@wmcarey.edu, ,General Information
,,--None--,,,,,LA,,UNITED STATES,V,,,,arabies@att.net, ,General Information
,,--None--,,,,,TX,,UNITED STATES,V,,,,, ,General Information
,,--None--,,,,,MO,,UNITED STATES,V,,,,, ,General Information
,,--None--,,,,,AR,,UNITED STATES,V,,,,, ,
,,--None--,,,,,NE,,UNITED STATES,V,,,,pmsander@cox.net, ,General Information
,,--None--,,,,,NE,,UNITED STATES,"DD, V",,,,, ,General Information
,,--None--,,,,,OK,,UNITED STATES,V,,,,, ,General Information
,,--None--,,,,,IN,,UNITED STATES,V,,,,, ,General Information
,,--None--,,,,,LA,,UNITED STATES,V,,,,, ,General Information
,,--None--,,,,,LA,,UNITED STATES,V,,,,, ,General Information
,,--None--,,,,,LA,,UNITED STATES,V,,,,, ,General Information
,,--None--,,,,,LA,,UNITED STATES,V,,,,, ,
,,--None--,,,,,LA,,UNITED STATES,V,,,,, ,General Information
,,--None--,,,,,SC,,UNITED STATES,V,,,,, ,General Information
,,--None--,,,,,PA,,UNITED STATES,V,,,,, ,General Information
,,--None--,,,,,IL,,UNITED STATES,V,,,,, ,General Information
