State,Country,Brochure Code(s),Email,Comments,Interests
MS,,V,, ,"General Information, Christmas On The River"
MD,,V,, ,Passing Through Only
LA,,V,, ,General Information
DC,,V,, ,General Information
TN,,V,deborahhollis10@hotmail.com, ,General Information
FL,,V,agbb@jetup.net, ,General Information
MN,,V,, ,
MD,,V,, ,General Information
TN,,V,, ,General Information
TX,,V,, ,General Information
TX,,V,, ,General Information
MO,,V,, ,General Information
AR,,V,, ,General Information
AR,,V,Leslie.blissett@arkansas.gov, ,
AR,,"DD, V",, Divine Diva's of Arkansas City,"Duck Dynasty, General Information"
AL,,"DD, M, V",, ,"Duck Dynasty, General Information"
MO,,"V, LVG",, ,General Information
LA,,V,, ,General Information
WA,,V,, ,General Information
AR,,V,, ,General Information
PA,,V,, ,General Information
MN,,V,, ,General Information
MS,,V,, ,General Information
TX,,V,, ,General Information
MO,,V,, ,General Information
WI,,V,, ,General Information
MI,,V,, ,"General Information, Passing Through Only"
MI,,V,, ,"Duck Dynasty, Passing Through Only"
MN,,V,, BMX competition,Event - see notes
VA,,V,, ,General Information
MD,,"DD, V",, ,"Duck Dynasty, General Information"
VA,,V,, going to LSU,"General Information, Passing Through Only"
VA,,V,, ,Passing Through Only
IA,,"DD, V",, ,"Duck Dynasty, General Information, Passing Through Only"
AR,,V,, ,
AL,,V,, ,General Information
AL,,V,, ,"Duck Dynasty, General Information"
GA,,V,, ,General Information
OK,,V,, ,General Information
FL,,V,, ,General Information
KY,,"DD, V",, ,"Duck Dynasty, General Information"
KS,,V,, ,"General Information, Passing Through Only"
FL,,V,, ,"General Information, Passing Through Only"
PA,,"DD, V",, ,General Information
WI,,V,, ,General Information
AR,,V,, ,General Information
VA,,V,, ,General Information
LA,,V,, ,General Information
TX,,V,, ,General Information
MS,,V,, ,General Information
TX,,V,, ,General Information
AL,,V,, ,General Information
MO,,"DD, V",, anniversary trip for wife,Duck Dynasty
NC,,V,, ,General Information
OK,,V,, ,Passing Through Only
IL,,DD,, ,"Duck Dynasty, General Information"
LA,,V,, ,General Information
AR,,V,, ,General Information
IL,,V,, ,General Information
CA,,V,, ,"General Information, Relocation"
IA,,V,, ,General Information
FL,,V,, ,General Information
ME,,V,, ,General Information
NC,,V,, business,
WA,,V,, ,"General Information, Passing Through Only"
AR,,"DD, V",, ,General Information
CA,,V,, ,General Information
PA,,"REL, V",, ,Relocation
CA,,V,, ,General Information
MO,,V,, ,"Duck Dynasty, General Information"
AL,,"DD, V",, ,"Duck Dynasty, General Information"
VA,,V,, Make a Wish,General Information
AL,,V,, ,General Information
AL,,V,, ,General Information
RI,,V,, ,"General Information, Passing Through Only"
IN,,V,, ,General Information
FL,,V,, ,General Information
MS,,V,, ,"Family Activities, General Information"
OH,,"DD, V",, ,"Duck Dynasty, General Information"
AR,,"DD, V",, ,"Duck Dynasty, General Information"
IN,,V,, ,General Information
FL,,V,, ,"General Information, Passing Through Only"
MS,,V,, ,General Information
TX,,V,, wedding,Event - see notes
AR,,V,, ,General Information
AR,,V,, ,General Information
OH,,V,, ,General Information
AR,,"DD, V",, ,Duck Dynasty
TX,,V,, ,General Information
IA,,V,, ,General Information
TN,,V,, ,General Information
IA,,V,, ,"General Information, Passing Through Only"
LA,,V,, ,General Information
MS,,V,, ,General Information
WV,,DD,, ,General Information
CT,,V,, ,General Information
ON,,V,, ,General Information
OK,,V,, ,General Information
AL,,V,, ,General Information
TX,,V,, ,General Information
TX,,V,, ,General Information
TX,,V,, ,General Information
OR,,V,, ,General Information
KS,,V,, ,General Information
TN,,V,, ,General Information
KS,,V,, ,General Information
OK,,V,, ,General Information
MO,,V,, ,General Information
MO,,V,, ,General Information
AR,,V,, ,General Information
WI,,V,, ,"General Information, Passing Through Only"
ON,,V,, ,General Information
IL,,V,, ,General Information
GA,,V,, ,General Information
HI,,V,, ,General Information
FL,,V,, ,General Information
TN,,V,, ,General Information
ND,,V,, ,General Information
KS,,V,, ,General Information
OH,,V,, ,General Information
LA,,V,, ,General Information
GA,,V,, ,General Information
NM,,V,, wedding,General Information
TX,,V,, ,General Information
TX,,V,, ,General Information
FL,,V,, ,General Information
MS,,V,, ,General Information
FL,,V,, ,General Information
AR,,V,, ,General Information
MS,,V,, ,General Information
MO,,V,, ,General Information
PA,,V,, ,General Information
IN,,V,, ,General Information
IL,,V,, ,General Information
KS,,V,, ,General Information
WI,,V,, ,General Information
TN,,V,, ,General Information
TN,,V,, ,General Information
OK,,V,, ,General Information
AL,,"REL, V",, ,Relocation
OK,,V,, ,General Information
WI,,"DD, V",, ,"Duck Dynasty, General Information"
OK,,"DD, V",, ,General Information
AR,,V,, ,
IA,,V,, ,General Information
WI,,V,, ,General Information
OH,,V,, ,General Information
AL,,V,, ,General Information
CA,,"DD, V",, ,"Duck Dynasty, General Information"
AL,,"DD, V",, ,General Information
OK,,"DD, V",, ,General Information
TX,,V,, ,General Information
TX,,V,, ,General Information
FL,,V,, ,General Information
MS,,V,, ,General Information
MI,,V,, ,General Information
LA,,V,, ,General Information
WI,,V,, ,General Information
NC,,V,afarthin2000@yahoo.com, ,General Information
AR,,"DD, V",, ,General Information
OK,,"DD, V",, ,General Information
PA,,V,, ,Passing Through Only
KY,,V,, ,General Information
GA,,V,, ,General Information
IN,,V,, ,"General Information, Passing Through Only"
IL,,V,, ,General Information
IA,,V,, ,General Information
CA,,V,, ,General Information
AZ,,V,, ,General Information
MI,,"DD, V",stephenboats60@yahoo.com, ,"Duck Dynasty, General Information"
MS,,V,, ,"Duck Dynasty, General Information"
FL,,V,larryteeters12@yahoo.com, ,General Information
AZ,,V,, ,General Information
TX,,V,, ,"General Information, Passing Through Only"
MO,,V,, ,Passing Through Only
TX,,V,, ,Passing Through Only
IL,,V,bdoz1957@gmail.com, ,General Information
OH,,"DD, V",, duck commander 4th of july event,"Duck Dynasty, Event - see notes, General Information"
FL,,"DD, V",sharon.swonger@yahoo.com, ,"Duck Dynasty, General Information"
OK,,V,, ,Passing Through Only
AZ,,V,, ,General Information
MS,,V,, ,Passing Through Only
OK,,V,, ,
AR,,V,, ,General Information
LA,,V,kristi.thibodeaux@yahoo.com, ,General Information
CA,,V,, rv campground,General Information
FL,,V,, ,General Information
TN,,V,, ,General Information
TN,,V,, ,Passing Through Only
PA,,V,, ,"General Information, Passing Through Only"
MS,,V,, ,
SC,,V,, ,Passing Through Only
OK,,V,, ,Passing Through Only
CA,,V,, ,"General Information, Passing Through Only"
MA,,V,, ,General Information
MS,,V,, ,"General Information, Passing Through Only"
MS,,V,, ,"General Information, Map"
MO,,V,, ,General Information
AL,,V,, ,General Information
FL,,V,, ,General Information
FL,,V,, ,General Information
WA,,"V, LVG",, ,"General Information, Map"
TN,,"DD, V",, ,"Duck Dynasty, General Information"
TX,,V,, ,General Information
TX,,V,, ,General Information
TX,,V,, ,General Information
MS,,V,, ,General Information
MS,,"DD, V",, ,General Information
LA,,V,, ,General Information
OK,,V,, ,Passing Through Only
TN,,V,, ,General Information
OK,,"DD, V",, ,"Duck Dynasty, General Information"
MD,,V,, ,General Information
LA,,V,, ,General Information
OK,,V,, ,"General Information, Passing Through Only"
OK,,V,, ,General Information
MO,,"DD, V",, ,"Duck Dynasty, General Information"
LA,,V,, ,General Information
LA,,V,, ,Map
KS,,V,, ,General Information
AL,,V,, ,Passing Through Only
AL,,V,, ,Passing Through Only
AL,,V,, ,General Information
CA,,V,, ,General Information
VA,,V,, ,General Information
OK,,"DD, V",, ,"Duck Dynasty, General Information"
OK,,"DD, V",, ,General Information
AL,,V,, ,General Information
IL,,"V, LVG",, ,General Information
FL,,V,, ,"General Information, Passing Through Only"
CO,,V,, ,"General Information, Passing Through Only"
MI,,V,, ,General Information
MO,,V,, ,General Information
NC,,V,, ,Passing Through Only
MO,,V,, ,Passing Through Only
AL,,"DD, V",, ,General Information
OH,,V,, ,General Information
AR,,V,, ,"General Information, Passing Through Only"
MO,,V,, ,General Information
OH,,V,, ,"General Information, Passing Through Only"
OK,,"DD, V",, ,"General Information, Passing Through Only"
WA,,"V, LVG",, ,General Information
LA,,V,, ,General Information
MI,,"V, LVG",, ,General Information
IL,,V,, ,General Information
AL,,V,, ,General Information
PA,,V,, ,General Information
MN,,V,, ,"Duck Dynasty, General Information"
NC,,V,, ,General Information
AL,,"DD, V",, ,"Duck Dynasty, General Information"
TN,,"DD, V",, ,"Duck Dynasty, Passing Through Only"
MO,,V,, ,General Information
MI,,"M, V",, lake bistineau state park,"General Information, Parks and Recreation - see notes"
WI,,V,, geocaching tour of southern states,Parks and Recreation - see notes
AL,,"DD, V",, ,Duck Dynasty
AL,,V,, ,"Duck Dynasty, General Information"
OK,,V,, ,General Information
GA,,"DD, V",, ,"Duck Dynasty, General Information"
OK,,V,, ,Passing Through Only
FL,,V,, ,"General Information, Passing Through Only"
AL,,V,, ,"Duck Dynasty, General Information"
AL,,LVG,, ,General Information
AR,,DD,, ,General Information
AR,,DD,, ,General Information
MD,,DD,, ,General Information
GA,,DD,, ,General Information
GA,,DD,, ,General Information
TX,,DD,, ,"General Information, Passing Through Only"
NY,,V,, ,General Information
MO,,V,, ,General Information
OK,,V,, ,General Information
SD,,V,, ,General Information
MS,,V,, ,General Information
GA,,V,, ,General Information
PA,,V,, ,General Information
TX,,V,, ,General Information
NY,,V,, ,General Information
LA,,V,, ,General Information
LA,,V,, ,General Information
AR,,V,, ,General Information
LA,,V,, ,General Information
OH,,V,, ,General Information
WI,,V,, ,General Information
TX,,V,, ,General Information
TX,,V,danaervinmarshall@gmail.com, ,"General Information, Passing Through Only"
MO,,V,, ,"General Information, Passing Through Only"
SC,,V,, ,"General Information, Passing Through Only"
KY,,V,, ,General Information
FL,,V,, ,"General Information, Passing Through Only"
IN,,V,, ,General Information
KY,,V,, ,General Information
TX,,V,, ,General Information
LA,,V,, ,General Information
OR,,V,, ,Passing Through Only
MS,,V,, ,Passing Through Only
MS,,V,, ,General Information
MS,,V,, ,Passing Through Only
OH,,V,, ,General Information
IN,,REL,, ,Relocation
MO,,V,, ,General Information
OH,,V,, ,General Information
AR,,V,, ,General Information
PA,,V,, ,"Duck Dynasty, General Information"
MO,,V,, ,General Information
MN,,V,, ,General Information
CO,,V,, ,General Information
OH,,V,, ,Duck Dynasty
SC,,V,, ,Passing Through Only
MS,,V,, ,General Information
FL,,V,, ,"General Information, Passing Through Only"
AL,,V,, ,
AL,,V,, ,General Information
CA,,V,, ,General Information
GA,,V,, ,"General Information, Passing Through Only"
,AUSTRALIA,V,, ,General Information
,AUSTRALIA,V,, ,"General Information, Map"
,AUSTRALIA,V,, ,General Information
,BRAZIL,V,, ,General Information
,CANADA,"V, LVG",, ,General Information
,CANADA,V,, ,General Information
,NETHERLANDS,"V, LVG",, visiting son,General Information
,SCOTLAND,DD,, ,"General Information, Passing Through Only"
,SINGAPORE,"V, LVG",, ,General Information
NY,UNITED STATES,V,, saw billboard,General Information
OH,UNITED STATES,V,, saw billboard,General Information
LA,UNITED STATES,V,, ,"General Information, Map"
FL,UNITED STATES,V,oneapplelady@cox.net, ,General Information
IL,UNITED STATES,V,, info on New Orleans,"General Information, Other - see notes"
NC,UNITED STATES,V,, ,"General Information, Passing Through Only"
SC,UNITED STATES,V,, ,"General Information, Passing Through Only"
UT,UNITED STATES,V,, ,Passing Through Only
TX,UNITED STATES,V,, ,General Information
CA,UNITED STATES,V,, ,General Information
FL,UNITED STATES,V,, ,General Information
IN,UNITED STATES,V,, ,General Information
LA,UNITED STATES,V,, stayed at Hamilton House B&B,Christmas On The River
TN,UNITED STATES,"DD, V",, ,"Duck Dynasty, General Information"
OK,UNITED STATES,V,, ,General Information
IL,UNITED STATES,V,, ,General Information
MS,UNITED STATES,V,, ,General Information
OH,UNITED STATES,V,, ,General Information
WI,UNITED STATES,V,, ,General Information
TX,UNITED STATES,V,, ,General Information
NM,UNITED STATES,V,, ,General Information
FL,UNITED STATES,V,, ,General Information
FL,UNITED STATES,V,, ,General Information
TN,UNITED STATES,V,, ,General Information
TN,UNITED STATES,V,, ,General Information
OK,UNITED STATES,V,, ,General Information
AR,UNITED STATES,V,, ,General Information
AR,UNITED STATES,V,, ,General Information
NC,UNITED STATES,V,, ,General Information
IA,UNITED STATES,V,, ,General Information
IN,UNITED STATES,DD,, ,General Information
AR,UNITED STATES,V,, ,General Information
AR,UNITED STATES,V,, ,General Information
FL,UNITED STATES,V,, ,General Information
FL,UNITED STATES,DD,, ,General Information
UT,UNITED STATES,V,, ,General Information
MS,UNITED STATES,V,, ,General Information
LA,UNITED STATES,V,, ,General Information
GA,UNITED STATES,V,, ,General Information
AR,UNITED STATES,V,, ,General Information
CA,UNITED STATES,V,, ,General Information
MS,UNITED STATES,V,, ,General Information
LA,UNITED STATES,V,, ,General Information
NH,UNITED STATES,V,, ,General Information
AL,UNITED STATES,V,gradakebrown@outlook.com, ,General Information
OK,UNITED STATES,V,, ,General Information
OK,UNITED STATES,V,ramseyfamily7305@gmail.com, ,General Information
AR,UNITED STATES,V,, ,General Information
LA,UNITED STATES,V,, ,General Information
NC,UNITED STATES,V,, ,General Information
KY,UNITED STATES,V,tricilina@yahoo.com, ,General Information
LA,UNITED STATES,V,bobby.jones@airgas.com, ,General Information
AR,UNITED STATES,V,, ,"General Information, Passing Through Only"
TN,UNITED STATES,V,, ,"General Information, Passing Through Only"
IN,UNITED STATES,V,crzy4bkslib@gmail.com, ,General Information
TX,UNITED STATES,V,, ,"General Information, Passing Through Only"
MO,UNITED STATES,V,, ,"General Information, Passing Through Only"
TX,UNITED STATES,"DD, V",, ,General Information
VA,UNITED STATES,V,, ,"General Information, Passing Through Only"
VA,UNITED STATES,V,sandreaevans94@gmail.com, ,"General Information, Passing Through Only"
TX,UNITED STATES,V,, ,General Information
TX,UNITED STATES,V,, ,General Information
LA,UNITED STATES,V,, ,General Information
TX,UNITED STATES,V,, ,General Information
AZ,UNITED STATES,V,, ,General Information
NY,UNITED STATES,V,, ,
TX,UNITED STATES,V,, ,General Information
LA,UNITED STATES,V,, ,General Information
TN,UNITED STATES,V,, ,General Information
NC,UNITED STATES,V,gknight@sccoast.net, ,General Information
AL,UNITED STATES,V,, ,General Information
NC,UNITED STATES,V,, ,
TX,UNITED STATES,V,seagerkay1@gmail.com, ,
TN,UNITED STATES,V,, ,General Information
MS,UNITED STATES,V,csmith@wmcarey.edu, ,General Information
LA,UNITED STATES,V,arabies@att.net, ,General Information
TX,UNITED STATES,V,, ,General Information
MO,UNITED STATES,V,, ,General Information
AR,UNITED STATES,V,, ,
NE,UNITED STATES,V,pmsander@cox.net, ,General Information
NE,UNITED STATES,"DD, V",, ,General Information
OK,UNITED STATES,V,, ,General Information
IN,UNITED STATES,V,, ,General Information
LA,UNITED STATES,V,, ,General Information
LA,UNITED STATES,V,, ,General Information
LA,UNITED STATES,V,, ,General Information
LA,UNITED STATES,V,, ,
LA,UNITED STATES,V,, ,General Information
SC,UNITED STATES,V,, ,General Information
PA,UNITED STATES,V,, ,General Information
IL,UNITED STATES,V,, ,General Information