MS,,,"General Information, Christmas On The River", ,V
MD,,,Passing Through Only, ,V
LA,,,General Information, ,V
DC,,,General Information, ,V
TN,,deborahhollis10@hotmail.com,General Information, ,V
FL,,agbb@jetup.net,General Information, ,V
MN,,,, ,V
MD,,,General Information, ,V
TN,,,General Information, ,V
TX,,,General Information, ,V
TX,,,General Information, ,V
MO,,,General Information, ,V
AR,,,General Information, ,V
AR,,Leslie.blissett@arkansas.gov,, ,V
AR,,,"Duck Dynasty, General Information", Divine Diva's of Arkansas City,"DD, V"
AL,,,"Duck Dynasty, General Information", ,"DD, M, V"
MO,,,General Information, ,"V, LVG"
LA,,,General Information, ,V
WA,,,General Information, ,V
AR,,,General Information, ,V
PA,,,General Information, ,V
MN,,,General Information, ,V
MS,,,General Information, ,V
TX,,,General Information, ,V
MO,,,General Information, ,V
WI,,,General Information, ,V
MI,,,"General Information, Passing Through Only", ,V
MI,,,"Duck Dynasty, Passing Through Only", ,V
MN,,,Event - see notes, BMX competition,V
VA,,,General Information, ,V
MD,,,"Duck Dynasty, General Information", ,"DD, V"
VA,,,"General Information, Passing Through Only", going to LSU,V
VA,,,Passing Through Only, ,V
IA,,,"Duck Dynasty, General Information, Passing Through Only", ,"DD, V"
AR,,,, ,V
AL,,,General Information, ,V
AL,,,"Duck Dynasty, General Information", ,V
GA,,,General Information, ,V
OK,,,General Information, ,V
FL,,,General Information, ,V
KY,,,"Duck Dynasty, General Information", ,"DD, V"
KS,,,"General Information, Passing Through Only", ,V
FL,,,"General Information, Passing Through Only", ,V
PA,,,General Information, ,"DD, V"
WI,,,General Information, ,V
AR,,,General Information, ,V
VA,,,General Information, ,V
LA,,,General Information, ,V
TX,,,General Information, ,V
MS,,,General Information, ,V
TX,,,General Information, ,V
AL,,,General Information, ,V
MO,,,Duck Dynasty, anniversary trip for wife,"DD, V"
NC,,,General Information, ,V
OK,,,Passing Through Only, ,V
IL,,,"Duck Dynasty, General Information", ,DD
LA,,,General Information, ,V
AR,,,General Information, ,V
IL,,,General Information, ,V
CA,,,"General Information, Relocation", ,V
IA,,,General Information, ,V
FL,,,General Information, ,V
ME,,,General Information, ,V
NC,,,, business,V
WA,,,"General Information, Passing Through Only", ,V
AR,,,General Information, ,"DD, V"
CA,,,General Information, ,V
PA,,,Relocation, ,"REL, V"
CA,,,General Information, ,V
MO,,,"Duck Dynasty, General Information", ,V
AL,,,"Duck Dynasty, General Information", ,"DD, V"
VA,,,General Information, Make a Wish,V
AL,,,General Information, ,V
AL,,,General Information, ,V
RI,,,"General Information, Passing Through Only", ,V
IN,,,General Information, ,V
FL,,,General Information, ,V
MS,,,"Family Activities, General Information", ,V
OH,,,"Duck Dynasty, General Information", ,"DD, V"
AR,,,"Duck Dynasty, General Information", ,"DD, V"
IN,,,General Information, ,V
FL,,,"General Information, Passing Through Only", ,V
MS,,,General Information, ,V
TX,,,Event - see notes, wedding,V
AR,,,General Information, ,V
AR,,,General Information, ,V
OH,,,General Information, ,V
AR,,,Duck Dynasty, ,"DD, V"
TX,,,General Information, ,V
IA,,,General Information, ,V
TN,,,General Information, ,V
IA,,,"General Information, Passing Through Only", ,V
LA,,,General Information, ,V
MS,,,General Information, ,V
WV,,,General Information, ,DD
CT,,,General Information, ,V
ON,,,General Information, ,V
OK,,,General Information, ,V
AL,,,General Information, ,V
TX,,,General Information, ,V
TX,,,General Information, ,V
TX,,,General Information, ,V
OR,,,General Information, ,V
KS,,,General Information, ,V
TN,,,General Information, ,V
KS,,,General Information, ,V
OK,,,General Information, ,V
MO,,,General Information, ,V
MO,,,General Information, ,V
AR,,,General Information, ,V
WI,,,"General Information, Passing Through Only", ,V
ON,,,General Information, ,V
IL,,,General Information, ,V
GA,,,General Information, ,V
HI,,,General Information, ,V
FL,,,General Information, ,V
TN,,,General Information, ,V
ND,,,General Information, ,V
KS,,,General Information, ,V
OH,,,General Information, ,V
LA,,,General Information, ,V
GA,,,General Information, ,V
NM,,,General Information, wedding,V
TX,,,General Information, ,V
TX,,,General Information, ,V
FL,,,General Information, ,V
MS,,,General Information, ,V
FL,,,General Information, ,V
AR,,,General Information, ,V
MS,,,General Information, ,V
MO,,,General Information, ,V
PA,,,General Information, ,V
IN,,,General Information, ,V
IL,,,General Information, ,V
KS,,,General Information, ,V
WI,,,General Information, ,V
TN,,,General Information, ,V
TN,,,General Information, ,V
OK,,,General Information, ,V
AL,,,Relocation, ,"REL, V"
OK,,,General Information, ,V
WI,,,"Duck Dynasty, General Information", ,"DD, V"
OK,,,General Information, ,"DD, V"
AR,,,, ,V
IA,,,General Information, ,V
WI,,,General Information, ,V
OH,,,General Information, ,V
AL,,,General Information, ,V
CA,,,"Duck Dynasty, General Information", ,"DD, V"
AL,,,General Information, ,"DD, V"
OK,,,General Information, ,"DD, V"
TX,,,General Information, ,V
TX,,,General Information, ,V
FL,,,General Information, ,V
MS,,,General Information, ,V
MI,,,General Information, ,V
LA,,,General Information, ,V
WI,,,General Information, ,V
NC,,afarthin2000@yahoo.com,General Information, ,V
AR,,,General Information, ,"DD, V"
OK,,,General Information, ,"DD, V"
PA,,,Passing Through Only, ,V
KY,,,General Information, ,V
GA,,,General Information, ,V
IN,,,"General Information, Passing Through Only", ,V
IL,,,General Information, ,V
IA,,,General Information, ,V
CA,,,General Information, ,V
AZ,,,General Information, ,V
MI,,stephenboats60@yahoo.com,"Duck Dynasty, General Information", ,"DD, V"
MS,,,"Duck Dynasty, General Information", ,V
FL,,larryteeters12@yahoo.com,General Information, ,V
AZ,,,General Information, ,V
TX,,,"General Information, Passing Through Only", ,V
MO,,,Passing Through Only, ,V
TX,,,Passing Through Only, ,V
IL,,bdoz1957@gmail.com,General Information, ,V
OH,,,"Duck Dynasty, Event - see notes, General Information", duck commander 4th of july event,"DD, V"
FL,,sharon.swonger@yahoo.com,"Duck Dynasty, General Information", ,"DD, V"
OK,,,Passing Through Only, ,V
AZ,,,General Information, ,V
MS,,,Passing Through Only, ,V
OK,,,, ,V
AR,,,General Information, ,V
LA,,kristi.thibodeaux@yahoo.com,General Information, ,V
CA,,,General Information, rv campground,V
FL,,,General Information, ,V
TN,,,General Information, ,V
TN,,,Passing Through Only, ,V
PA,,,"General Information, Passing Through Only", ,V
MS,,,, ,V
SC,,,Passing Through Only, ,V
OK,,,Passing Through Only, ,V
CA,,,"General Information, Passing Through Only", ,V
MA,,,General Information, ,V
MS,,,"General Information, Passing Through Only", ,V
MS,,,"General Information, Map", ,V
MO,,,General Information, ,V
AL,,,General Information, ,V
FL,,,General Information, ,V
FL,,,General Information, ,V
WA,,,"General Information, Map", ,"V, LVG"
TN,,,"Duck Dynasty, General Information", ,"DD, V"
TX,,,General Information, ,V
TX,,,General Information, ,V
TX,,,General Information, ,V
MS,,,General Information, ,V
MS,,,General Information, ,"DD, V"
LA,,,General Information, ,V
OK,,,Passing Through Only, ,V
TN,,,General Information, ,V
OK,,,"Duck Dynasty, General Information", ,"DD, V"
MD,,,General Information, ,V
LA,,,General Information, ,V
OK,,,"General Information, Passing Through Only", ,V
OK,,,General Information, ,V
MO,,,"Duck Dynasty, General Information", ,"DD, V"
LA,,,General Information, ,V
LA,,,Map, ,V
KS,,,General Information, ,V
AL,,,Passing Through Only, ,V
AL,,,Passing Through Only, ,V
AL,,,General Information, ,V
CA,,,General Information, ,V
VA,,,General Information, ,V
OK,,,"Duck Dynasty, General Information", ,"DD, V"
OK,,,General Information, ,"DD, V"
AL,,,General Information, ,V
IL,,,General Information, ,"V, LVG"
FL,,,"General Information, Passing Through Only", ,V
CO,,,"General Information, Passing Through Only", ,V
MI,,,General Information, ,V
MO,,,General Information, ,V
NC,,,Passing Through Only, ,V
MO,,,Passing Through Only, ,V
AL,,,General Information, ,"DD, V"
OH,,,General Information, ,V
AR,,,"General Information, Passing Through Only", ,V
MO,,,General Information, ,V
OH,,,"General Information, Passing Through Only", ,V
OK,,,"General Information, Passing Through Only", ,"DD, V"
WA,,,General Information, ,"V, LVG"
LA,,,General Information, ,V
MI,,,General Information, ,"V, LVG"
IL,,,General Information, ,V
AL,,,General Information, ,V
PA,,,General Information, ,V
MN,,,"Duck Dynasty, General Information", ,V
NC,,,General Information, ,V
AL,,,"Duck Dynasty, General Information", ,"DD, V"
TN,,,"Duck Dynasty, Passing Through Only", ,"DD, V"
MO,,,General Information, ,V
MI,,,"General Information, Parks and Recreation - see notes", lake bistineau state park,"M, V"
WI,,,Parks and Recreation - see notes, geocaching tour of southern states,V
AL,,,Duck Dynasty, ,"DD, V"
AL,,,"Duck Dynasty, General Information", ,V
OK,,,General Information, ,V
GA,,,"Duck Dynasty, General Information", ,"DD, V"
OK,,,Passing Through Only, ,V
FL,,,"General Information, Passing Through Only", ,V
AL,,,"Duck Dynasty, General Information", ,V
AL,,,General Information, ,LVG
AR,,,General Information, ,DD
AR,,,General Information, ,DD
MD,,,General Information, ,DD
GA,,,General Information, ,DD
GA,,,General Information, ,DD
TX,,,"General Information, Passing Through Only", ,DD
NY,,,General Information, ,V
MO,,,General Information, ,V
OK,,,General Information, ,V
SD,,,General Information, ,V
MS,,,General Information, ,V
GA,,,General Information, ,V
PA,,,General Information, ,V
TX,,,General Information, ,V
NY,,,General Information, ,V
LA,,,General Information, ,V
LA,,,General Information, ,V
AR,,,General Information, ,V
LA,,,General Information, ,V
OH,,,General Information, ,V
WI,,,General Information, ,V
TX,,,General Information, ,V
TX,,danaervinmarshall@gmail.com,"General Information, Passing Through Only", ,V
MO,,,"General Information, Passing Through Only", ,V
SC,,,"General Information, Passing Through Only", ,V
KY,,,General Information, ,V
FL,,,"General Information, Passing Through Only", ,V
IN,,,General Information, ,V
KY,,,General Information, ,V
TX,,,General Information, ,V
LA,,,General Information, ,V
OR,,,Passing Through Only, ,V
MS,,,Passing Through Only, ,V
MS,,,General Information, ,V
MS,,,Passing Through Only, ,V
OH,,,General Information, ,V
IN,,,Relocation, ,REL
MO,,,General Information, ,V
OH,,,General Information, ,V
AR,,,General Information, ,V
PA,,,"Duck Dynasty, General Information", ,V
MO,,,General Information, ,V
MN,,,General Information, ,V
CO,,,General Information, ,V
OH,,,Duck Dynasty, ,V
SC,,,Passing Through Only, ,V
MS,,,General Information, ,V
FL,,,"General Information, Passing Through Only", ,V
AL,,,, ,V
AL,,,General Information, ,V
CA,,,General Information, ,V
GA,,,"General Information, Passing Through Only", ,V
,AUSTRALIA,,General Information, ,V
,AUSTRALIA,,"General Information, Map", ,V
,AUSTRALIA,,General Information, ,V
,BRAZIL,,General Information, ,V
,CANADA,,General Information, ,"V, LVG"
,CANADA,,General Information, ,V
,NETHERLANDS,,General Information, visiting son,"V, LVG"
,SCOTLAND,,"General Information, Passing Through Only", ,DD
,SINGAPORE,,General Information, ,"V, LVG"
NY,UNITED STATES,,General Information, saw billboard,V
OH,UNITED STATES,,General Information, saw billboard,V
LA,UNITED STATES,,"General Information, Map", ,V
FL,UNITED STATES,oneapplelady@cox.net,General Information, ,V
IL,UNITED STATES,,"General Information, Other - see notes", info on New Orleans,V
NC,UNITED STATES,,"General Information, Passing Through Only", ,V
SC,UNITED STATES,,"General Information, Passing Through Only", ,V
UT,UNITED STATES,,Passing Through Only, ,V
TX,UNITED STATES,,General Information, ,V
CA,UNITED STATES,,General Information, ,V
FL,UNITED STATES,,General Information, ,V
IN,UNITED STATES,,General Information, ,V
LA,UNITED STATES,,Christmas On The River, stayed at Hamilton House B&B,V
TN,UNITED STATES,,"Duck Dynasty, General Information", ,"DD, V"
OK,UNITED STATES,,General Information, ,V
IL,UNITED STATES,,General Information, ,V
MS,UNITED STATES,,General Information, ,V
OH,UNITED STATES,,General Information, ,V
WI,UNITED STATES,,General Information, ,V
TX,UNITED STATES,,General Information, ,V
NM,UNITED STATES,,General Information, ,V
FL,UNITED STATES,,General Information, ,V
FL,UNITED STATES,,General Information, ,V
TN,UNITED STATES,,General Information, ,V
TN,UNITED STATES,,General Information, ,V
OK,UNITED STATES,,General Information, ,V
AR,UNITED STATES,,General Information, ,V
AR,UNITED STATES,,General Information, ,V
NC,UNITED STATES,,General Information, ,V
IA,UNITED STATES,,General Information, ,V
IN,UNITED STATES,,General Information, ,DD
AR,UNITED STATES,,General Information, ,V
AR,UNITED STATES,,General Information, ,V
FL,UNITED STATES,,General Information, ,V
FL,UNITED STATES,,General Information, ,DD
UT,UNITED STATES,,General Information, ,V
MS,UNITED STATES,,General Information, ,V
LA,UNITED STATES,,General Information, ,V
GA,UNITED STATES,,General Information, ,V
AR,UNITED STATES,,General Information, ,V
CA,UNITED STATES,,General Information, ,V
MS,UNITED STATES,,General Information, ,V
LA,UNITED STATES,,General Information, ,V
NH,UNITED STATES,,General Information, ,V
AL,UNITED STATES,gradakebrown@outlook.com,General Information, ,V
OK,UNITED STATES,,General Information, ,V
OK,UNITED STATES,ramseyfamily7305@gmail.com,General Information, ,V
AR,UNITED STATES,,General Information, ,V
LA,UNITED STATES,,General Information, ,V
NC,UNITED STATES,,General Information, ,V
KY,UNITED STATES,tricilina@yahoo.com,General Information, ,V
LA,UNITED STATES,bobby.jones@airgas.com,General Information, ,V
AR,UNITED STATES,,"General Information, Passing Through Only", ,V
TN,UNITED STATES,,"General Information, Passing Through Only", ,V
IN,UNITED STATES,crzy4bkslib@gmail.com,General Information, ,V
TX,UNITED STATES,,"General Information, Passing Through Only", ,V
MO,UNITED STATES,,"General Information, Passing Through Only", ,V
TX,UNITED STATES,,General Information, ,"DD, V"
VA,UNITED STATES,,"General Information, Passing Through Only", ,V
VA,UNITED STATES,sandreaevans94@gmail.com,"General Information, Passing Through Only", ,V
TX,UNITED STATES,,General Information, ,V
TX,UNITED STATES,,General Information, ,V
LA,UNITED STATES,,General Information, ,V
TX,UNITED STATES,,General Information, ,V
AZ,UNITED STATES,,General Information, ,V
NY,UNITED STATES,,, ,V
TX,UNITED STATES,,General Information, ,V
LA,UNITED STATES,,General Information, ,V
TN,UNITED STATES,,General Information, ,V
NC,UNITED STATES,gknight@sccoast.net,General Information, ,V
AL,UNITED STATES,,General Information, ,V
NC,UNITED STATES,,, ,V
TX,UNITED STATES,seagerkay1@gmail.com,, ,V
TN,UNITED STATES,,General Information, ,V
MS,UNITED STATES,csmith@wmcarey.edu,General Information, ,V
LA,UNITED STATES,arabies@att.net,General Information, ,V
TX,UNITED STATES,,General Information, ,V
MO,UNITED STATES,,General Information, ,V
AR,UNITED STATES,,, ,V
NE,UNITED STATES,pmsander@cox.net,General Information, ,V
NE,UNITED STATES,,General Information, ,"DD, V"
OK,UNITED STATES,,General Information, ,V
IN,UNITED STATES,,General Information, ,V
LA,UNITED STATES,,General Information, ,V
LA,UNITED STATES,,General Information, ,V
LA,UNITED STATES,,General Information, ,V
LA,UNITED STATES,,, ,V
LA,UNITED STATES,,General Information, ,V
SC,UNITED STATES,,General Information, ,V
PA,UNITED STATES,,General Information, ,V
IL,UNITED STATES,,General Information, ,V