City,State,Zip Code,Country,Type of Visit,Visit Details,Number of Visitors,Staying in Hotel,Email,Date & Time
Patan,LA,71203,UNITED STATES,Business,General Information,1,Yes,sanil@yahoo.com,2017-04-05 03:00:00.0
null,TN,null,,Entertainment,General Information,1,null,deborahhollis10@hotmail.com,2017-04-05 01:00:00.0
null,AR,null,,null,,1,null,Leslie.blissett@arkansas.gov,2017-01-04 00:00:00.0
null,LA,null,UNITED STATES,Business,,1,null,,2016-11-23 00:00:00.0
null,LA,null,UNITED STATES,null,General Information,1,null,,2016-11-09 00:00:00.0
Seattle,SC,98976,UNITED STATES,Convention,General Information,3,No,sc@gmail.com,2016-11-08 00:00:00.0
,CT,71343,,,,5,No,,2016-10-11 00:00:00.0
,LA,49302,,,,3,Yes,,2017-04-28 00:00:00.0
