City,State,Zip Code,Country,Type of Visit,Visit Details,Number of Visitors,Staying in Hotel,Email,Date & Time
null,IL,null,,null,Duck Dynasty, General Information,1,null,,null
null,IL,null,,null,General Information,1,null,,null
null,IL,null,,null,General Information,1,null,,null
null,IL,null,,null,General Information,1,null,,null
null,IL,null,,null,General Information,1,null,,null
null,IL,null,,null,General Information,1,null,bdoz1957@gmail.com,null
null,IL,null,,null,General Information,1,null,,null
null,IL,null,,null,General Information,1,null,,null
null,IL,null,UNITED STATES,null,General Information, Other - see notes,1,null,,null
null,IL,null,UNITED STATES,null,General Information,1,null,,null
null,IL,null,UNITED STATES,null,General Information,1,null,,null
